{
  "Parameters": {
    "Environment": "testnet",
    "ApplicationName": "khalani",
    "ServiceName": "graph-node",
    "DomainName": "khalani.network",
    "CertificateArn": "arn:aws:acm:us-east-1:803035318642:certificate/c909ee12-2bd8-41f8-860d-79ece8439091",
    "HostedZoneId": "Z08187603SUPEDOLVG3SQ",
    "VpcId": "vpc-0d75975d3e2183c38",
    "Subnets": "subnet-0362627b3aeb01569,subnet-04c16c6f41e95f5d5",
    "GraphNodeImageTag": "graphprotocol/graph-node:v0.29.0",
    "IPFSImageTag": "ipfs/go-ipfs:v0.10.0"
  }
}
