{
  "Parameters": {
    "Environment": "staging",
    "ApplicationName": "khalani",
    "ServiceName": "graph-node",
    "DomainName": "digipnyx.org",
    "CertificateArn": "arn:aws:acm:us-east-1:803035318642:certificate/afd9b021-00fe-46ab-a7ef-502af9cc6ece",
    "HostedZoneId": "Z00152101F9Q7ZUTOVBJ",
    "VpcId": "vpc-0d75975d3e2183c38",
    "Subnets": "subnet-0362627b3aeb01569,subnet-04c16c6f41e95f5d5",
    "GraphNodeImageTag": "graphprotocol/graph-node:v0.29.0",
    "IPFSImageTag": "ipfs/go-ipfs:v0.10.0"
  }
}
